train_loss_step,epoch,step,val_loss,val_acc,val_f1,val_mcc,train_loss_epoch,train_acc,train_f1,train_mcc,test_loss,test_acc,test_f1,test_mcc
2.1335315704345703,0,49,,,,,,,,,,,,
3.113192558288574,0,99,,,,,,,,,,,,
1.4920090436935425,0,149,,,,,,,,,,,,
0.44962334632873535,0,199,,,,,,,,,,,,
0.37037721276283264,0,249,,,,,,,,,,,,
2.4389426708221436,0,299,,,,,,,,,,,,
1.8021796941757202,0,349,,,,,,,,,,,,
0.8248714208602905,0,399,,,,,,,,,,,,
0.5854268074035645,0,449,,,,,,,,,,,,
0.004559956956654787,0,499,,,,,,,,,,,,
0.001502071158029139,0,549,,,,,,,,,,,,
0.23519860208034515,0,599,,,,,,,,,,,,
0.645742654800415,0,649,,,,,,,,,,,,
0.9222800731658936,0,699,,,,,,,,,,,,
0.0033828620798885822,0,749,,,,,,,,,,,,
0.6450817584991455,0,799,,,,,,,,,,,,
0.045862771570682526,0,849,,,,,,,,,,,,
2.3326268196105957,0,899,,,,,,,,,,,,
1.5013821125030518,0,949,,,,,,,,,,,,
0.00018531313980929554,0,999,,,,,,,,,,,,
4.451176643371582,0,1049,,,,,,,,,,,,
0.003544841893017292,0,1099,,,,,,,,,,,,
0.19105160236358643,0,1149,,,,,,,,,,,,
0.08968807011842728,0,1199,,,,,,,,,,,,
0.015647539868950844,0,1249,,,,,,,,,,,,
1.987818956375122,0,1299,,,,,,,,,,,,
,0,1327,0.6688231229782104,0.9649657011032104,0.031578946858644485,0.054401643574237823,,,,,,,,
,0,1327,,,,,1.155616283416748,0.9429997205734253,0.13252149522304535,0.1031106635928154,,,,
2.138727903366089,1,1349,,,,,,,,,,,,
0.9021374583244324,1,1399,,,,,,,,,,,,
0.6088586449623108,1,1449,,,,,,,,,,,,
0.002237199107185006,1,1499,,,,,,,,,,,,
0.7231639623641968,1,1549,,,,,,,,,,,,
0.005201786290854216,1,1599,,,,,,,,,,,,
4.983880043029785,1,1649,,,,,,,,,,,,
0.46111002564430237,1,1699,,,,,,,,,,,,
0.3729671239852905,1,1749,,,,,,,,,,,,
0.4605070650577545,1,1799,,,,,,,,,,,,
0.7788881659507751,1,1849,,,,,,,,,,,,
0.224384143948555,1,1899,,,,,,,,,,,,
0.07053166627883911,1,1949,,,,,,,,,,,,
1.0731030702590942,1,1999,,,,,,,,,,,,
0.002939199563115835,1,2049,,,,,,,,,,,,
0.005191516131162643,1,2099,,,,,,,,,,,,
0.6731579303741455,1,2149,,,,,,,,,,,,
0.4283517897129059,1,2199,,,,,,,,,,,,
0.87000572681427,1,2249,,,,,,,,,,,,
0.073164202272892,1,2299,,,,,,,,,,,,
0.0004426022060215473,1,2349,,,,,,,,,,,,
0.42869487404823303,1,2399,,,,,,,,,,,,
0.07107667624950409,1,2449,,,,,,,,,,,,
0.0053331442177295685,1,2499,,,,,,,,,,,,
0.1090477779507637,1,2549,,,,,,,,,,,,
0.3330603241920471,1,2599,,,,,,,,,,,,
0.5265258550643921,1,2649,,,,,,,,,,,,
,1,2655,0.7352861762046814,0.9615384340286255,0.1854838728904724,0.18827739357948303,,,,,,,,
,1,2655,,,,,0.6973787546157837,0.9506012797355652,0.20341555774211884,0.17884384095668793,,,,
0.041627686470746994,2,2699,,,,,,,,,,,,
0.013472581282258034,2,2749,,,,,,,,,,,,
0.30481961369514465,2,2799,,,,,,,,,,,,
0.9738605618476868,2,2849,,,,,,,,,,,,
0.6784542202949524,2,2899,,,,,,,,,,,,
0.0035006741527467966,2,2949,,,,,,,,,,,,
0.0005217234138399363,2,2999,,,,,,,,,,,,
7.737536361673847e-05,2,3049,,,,,,,,,,,,
0.0004638093232642859,2,3099,,,,,,,,,,,,
1.073215126991272,2,3149,,,,,,,,,,,,
0.0009394385269843042,2,3199,,,,,,,,,,,,
1.0912911891937256,2,3249,,,,,,,,,,,,
0.2807997167110443,2,3299,,,,,,,,,,,,
0.17651484906673431,2,3349,,,,,,,,,,,,
0.2535260319709778,2,3399,,,,,,,,,,,,
0.004590904340147972,2,3449,,,,,,,,,,,,
1.0802007913589478,2,3499,,,,,,,,,,,,
0.18612396717071533,2,3549,,,,,,,,,,,,
0.016479935497045517,2,3599,,,,,,,,,,,,
0.7806837558746338,2,3649,,,,,,,,,,,,
0.5149619579315186,2,3699,,,,,,,,,,,,
0.3682742118835449,2,3749,,,,,,,,,,,,
0.552879273891449,2,3799,,,,,,,,,,,,
0.2051653265953064,2,3849,,,,,,,,,,,,
6.880972385406494,2,3899,,,,,,,,,,,,
0.00026679117581807077,2,3949,,,,,,,,,,,,
,2,3983,0.2778993248939514,0.9664889574050903,0.34328359365463257,0.3471544682979584,,,,,,,,
,2,3983,,,,,0.6141645908355713,0.9535901546478271,0.2552870213985443,0.2323242425918579,,,,
1.7126367092132568,3,3999,,,,,,,,,,,,
0.6665544509887695,3,4049,,,,,,,,,,,,
9.986756595026236e-06,3,4099,,,,,,,,,,,,
0.030678771436214447,3,4149,,,,,,,,,,,,
0.014605131931602955,3,4199,,,,,,,,,,,,
0.2861926555633545,3,4249,,,,,,,,,,,,
0.015127811580896378,3,4299,,,,,,,,,,,,
0.026901543140411377,3,4349,,,,,,,,,,,,
0.8014197945594788,3,4399,,,,,,,,,,,,
0.16164670884609222,3,4449,,,,,,,,,,,,
0.1293196827173233,3,4499,,,,,,,,,,,,
0.04770895838737488,3,4549,,,,,,,,,,,,
1.0166467428207397,3,4599,,,,,,,,,,,,
0.6182854175567627,3,4649,,,,,,,,,,,,
0.09927263110876083,3,4699,,,,,,,,,,,,
0.6904314756393433,3,4749,,,,,,,,,,,,
0.8991602659225464,3,4799,,,,,,,,,,,,
0.05837680399417877,3,4849,,,,,,,,,,,,
2.9791553020477295,3,4899,,,,,,,,,,,,
4.090236416232074e-06,3,4949,,,,,,,,,,,,
0.8553354740142822,3,4999,,,,,,,,,,,,
0.0004975891206413507,3,5049,,,,,,,,,,,,
1.3143856525421143,3,5099,,,,,,,,,,,,
0.02854028157889843,3,5149,,,,,,,,,,,,
0.6251842975616455,3,5199,,,,,,,,,,,,
1.8997673988342285,3,5249,,,,,,,,,,,,
0.2374870777130127,3,5299,,,,,,,,,,,,
,3,5311,0.3577648103237152,0.9723914861679077,0.39834025502204895,0.4408632814884186,,,,,,,,
,3,5311,,,,,0.7617078423500061,0.9526958465576172,0.2538975477218628,0.2300606518983841,,,,
0.6456325650215149,4,5349,,,,,,,,,,,,
0.03842496871948242,4,5399,,,,,,,,,,,,
0.08291875571012497,4,5449,,,,,,,,,,,,
0.7882398962974548,4,5499,,,,,,,,,,,,
0.7898743152618408,4,5549,,,,,,,,,,,,
0.7760022282600403,4,5599,,,,,,,,,,,,
0.0052681551314890385,4,5649,,,,,,,,,,,,
0.7393625378608704,4,5699,,,,,,,,,,,,
0.433675080537796,4,5749,,,,,,,,,,,,
0.011784614063799381,4,5799,,,,,,,,,,,,
1.0178604125976562,4,5849,,,,,,,,,,,,
0.4021579921245575,4,5899,,,,,,,,,,,,
1.6561700105667114,4,5949,,,,,,,,,,,,
0.09946014732122421,4,5999,,,,,,,,,,,,
0.8129830956459045,4,6049,,,,,,,,,,,,
0.11299431324005127,4,6099,,,,,,,,,,,,
0.0007345624617300928,4,6149,,,,,,,,,,,,
0.9762534499168396,4,6199,,,,,,,,,,,,
0.3909374475479126,4,6249,,,,,,,,,,,,
0.6706095337867737,4,6299,,,,,,,,,,,,
0.8675801157951355,4,6349,,,,,,,,,,,,
0.10669649392366409,4,6399,,,,,,,,,,,,
0.0013918294571340084,4,6449,,,,,,,,,,,,
3.364278745721094e-05,4,6499,,,,,,,,,,,,
5.888242958462797e-05,4,6549,,,,,,,,,,,,
0.025797786191105843,4,6599,,,,,,,,,,,,
,4,6639,1.3283343315124512,0.9666793346405029,0.033149171620607376,0.10958395153284073,,,,,,,,
,4,6639,,,,,0.6143130660057068,0.9523664116859436,0.2645348906517029,0.2401762455701828,,,,
1.8479939699172974,5,6649,,,,,,,,,,,,
9.20185266295448e-05,5,6699,,,,,,,,,,,,
0.10130949318408966,5,6749,,,,,,,,,,,,
0.41540661454200745,5,6799,,,,,,,,,,,,
0.07223135232925415,5,6849,,,,,,,,,,,,
0.017980964854359627,5,6899,,,,,,,,,,,,
0.5293994545936584,5,6949,,,,,,,,,,,,
0.01656968705356121,5,6999,,,,,,,,,,,,
1.0821517705917358,5,7049,,,,,,,,,,,,
0.08551602065563202,5,7099,,,,,,,,,,,,
0.24818012118339539,5,7149,,,,,,,,,,,,
0.5450732707977295,5,7199,,,,,,,,,,,,
0.17767933011054993,5,7249,,,,,,,,,,,,
0.004569641780108213,5,7299,,,,,,,,,,,,
0.14891085028648376,5,7349,,,,,,,,,,,,
0.16880378127098083,5,7399,,,,,,,,,,,,
0.0005589922657236457,5,7449,,,,,,,,,,,,
0.26241081953048706,5,7499,,,,,,,,,,,,
0.0045532165095210075,5,7549,,,,,,,,,,,,
0.19077889621257782,5,7599,,,,,,,,,,,,
0.4139077961444855,5,7649,,,,,,,,,,,,
0.005662950687110424,5,7699,,,,,,,,,,,,
0.3084508776664734,5,7749,,,,,,,,,,,,
0.1578928530216217,5,7799,,,,,,,,,,,,
0.2707184851169586,5,7849,,,,,,,,,,,,
0.39183542132377625,5,7899,,,,,,,,,,,,
0.4699609577655792,5,7949,,,,,,,,,,,,
,5,7967,0.3686385750770569,0.9693450331687927,0.1909547746181488,0.29828014969825745,,,,,,,,
,5,7967,,,,,0.3964300751686096,0.9595679044723511,0.348254919052124,0.32886433601379395,,,,
0.027467545121908188,6,7999,,,,,,,,,,,,
0.13595633208751678,6,8049,,,,,,,,,,,,
0.5029104948043823,6,8099,,,,,,,,,,,,
0.028650742024183273,6,8149,,,,,,,,,,,,
0.17092689871788025,6,8199,,,,,,,,,,,,
1.7539035081863403,6,8249,,,,,,,,,,,,
0.0018221803475171328,6,8299,,,,,,,,,,,,
0.5458715558052063,6,8349,,,,,,,,,,,,
0.12246187776327133,6,8399,,,,,,,,,,,,
2.811674118041992,6,8449,,,,,,,,,,,,
0.015049233101308346,6,8499,,,,,,,,,,,,
1.9817290306091309,6,8549,,,,,,,,,,,,
0.773497462272644,6,8599,,,,,,,,,,,,
0.5382218360900879,6,8649,,,,,,,,,,,,
0.07044097036123276,6,8699,,,,,,,,,,,,
2.4642598628997803,6,8749,,,,,,,,,,,,
0.03939192742109299,6,8799,,,,,,,,,,,,
0.3736322224140167,6,8849,,,,,,,,,,,,
0.0017119015101343393,6,8899,,,,,,,,,,,,
0.19338472187519073,6,8949,,,,,,,,,,,,
8.495817019138485e-05,6,8999,,,,,,,,,,,,
0.0658702477812767,6,9049,,,,,,,,,,,,
0.46565890312194824,6,9099,,,,,,,,,,,,
0.3294941484928131,6,9149,,,,,,,,,,,,
0.11771603673696518,6,9199,,,,,,,,,,,,
2.991362998727709e-05,6,9249,,,,,,,,,,,,
,6,9295,0.4503593146800995,0.9683929681777954,0.1354166716337204,0.24702541530132294,,,,,,,,
,6,9295,,,,,0.39679864048957825,0.9589089751243591,0.3441021740436554,0.3240129053592682,,,,
0.23577958345413208,7,9299,,,,,,,,,,,,
0.18527215719223022,7,9349,,,,,,,,,,,,
0.29467347264289856,7,9399,,,,,,,,,,,,
0.8446900248527527,7,9449,,,,,,,,,,,,
0.1350550800561905,7,9499,,,,,,,,,,,,
0.4757191836833954,7,9549,,,,,,,,,,,,
0.747575581073761,7,9599,,,,,,,,,,,,
2.8174479007720947,7,9649,,,,,,,,,,,,
6.575435638427734,7,9699,,,,,,,,,,,,
0.0009393889340572059,7,9749,,,,,,,,,,,,
0.10860748589038849,7,9799,,,,,,,,,,,,
2.8070502281188965,7,9849,,,,,,,,,,,,
0.5151394009590149,7,9899,,,,,,,,,,,,
0.33430835604667664,7,9949,,,,,,,,,,,,
0.3514009714126587,7,9999,,,,,,,,,,,,
0.1221504881978035,7,10049,,,,,,,,,,,,
0.01251749787479639,7,10099,,,,,,,,,,,,
0.27147021889686584,7,10149,,,,,,,,,,,,
0.23225437104701996,7,10199,,,,,,,,,,,,
0.051416512578725815,7,10249,,,,,,,,,,,,
0.36491334438323975,7,10299,,,,,,,,,,,,
0.8795202374458313,7,10349,,,,,,,,,,,,
0.005724893417209387,7,10399,,,,,,,,,,,,
0.0006553248385898769,7,10449,,,,,,,,,,,,
4.794696807861328,7,10499,,,,,,,,,,,,
0.0017675269627943635,7,10549,,,,,,,,,,,,
0.297267884016037,7,10599,,,,,,,,,,,,
,7,10623,0.22128723561763763,0.9482101798057556,0.4163089990615845,0.403753399848938,,,,,,,,
,7,10623,,,,,0.7036429643630981,0.9551199078559875,0.2892284691333771,0.2668132483959198,,,,
0.0011853737523779273,8,10649,,,,,,,,,,,,
0.18262730538845062,8,10699,,,,,,,,,,,,
7.44332792237401e-05,8,10749,,,,,,,,,,,,
0.00025964650558307767,8,10799,,,,,,,,,,,,
0.022747378796339035,8,10849,,,,,,,,,,,,
1.3689486980438232,8,10899,,,,,,,,,,,,
0.00040476428694091737,8,10949,,,,,,,,,,,,
0.218476802110672,8,10999,,,,,,,,,,,,
2.829991579055786,8,11049,,,,,,,,,,,,
0.02176588401198387,8,11099,,,,,,,,,,,,
0.3138846457004547,8,11149,,,,,,,,,,,,
0.549766480922699,8,11199,,,,,,,,,,,,
0.6808040142059326,8,11249,,,,,,,,,,,,
3.245835304260254,8,11299,,,,,,,,,,,,
0.06260336935520172,8,11349,,,,,,,,,,,,
0.20915083587169647,8,11399,,,,,,,,,,,,
0.3273668885231018,8,11449,,,,,,,,,,,,
0.01269620843231678,8,11499,,,,,,,,,,,,
0.4508770704269409,8,11549,,,,,,,,,,,,
0.38288891315460205,8,11599,,,,,,,,,,,,
0.0017035865457728505,8,11649,,,,,,,,,,,,
0.4712540805339813,8,11699,,,,,,,,,,,,
0.10610955208539963,8,11749,,,,,,,,,,,,
0.004082843195647001,8,11799,,,,,,,,,,,,
0.002642855979502201,8,11849,,,,,,,,,,,,
0.1548791080713272,8,11899,,,,,,,,,,,,
0.04075954109430313,8,11949,,,,,,,,,,,,
,8,11951,0.5178844332695007,0.8969916105270386,0.35518473386764526,0.4027407467365265,,,,,,,,
,8,11951,,,,,0.6631861329078674,0.9541314840316772,0.3006817400455475,0.27710166573524475,,,,
0.5639580488204956,9,11999,,,,,,,,,,,,
0.333468496799469,9,12049,,,,,,,,,,,,
2.8069591522216797,9,12099,,,,,,,,,,,,
0.0005882332916371524,9,12149,,,,,,,,,,,,
0.4032624661922455,9,12199,,,,,,,,,,,,
0.005964972078800201,9,12249,,,,,,,,,,,,
0.04635390639305115,9,12299,,,,,,,,,,,,
0.24638791382312775,9,12349,,,,,,,,,,,,
0.4881000518798828,9,12399,,,,,,,,,,,,
0.03223573416471481,9,12449,,,,,,,,,,,,
0.4896039366722107,9,12499,,,,,,,,,,,,
0.04069278761744499,9,12549,,,,,,,,,,,,
0.018214376643300056,9,12599,,,,,,,,,,,,
0.8001448512077332,9,12649,,,,,,,,,,,,
0.0002587382623460144,9,12699,,,,,,,,,,,,
0.0006743552512489259,9,12749,,,,,,,,,,,,
0.015144910663366318,9,12799,,,,,,,,,,,,
0.0795537456870079,9,12849,,,,,,,,,,,,
0.08317029476165771,9,12899,,,,,,,,,,,,
1.3967528343200684,9,12949,,,,,,,,,,,,
0.3129991292953491,9,12999,,,,,,,,,,,,
0.0009524535853415728,9,13049,,,,,,,,,,,,
0.0017640498699620366,9,13099,,,,,,,,,,,,
0.6217654347419739,9,13149,,,,,,,,,,,,
0.6038833260536194,9,13199,,,,,,,,,,,,
0.0014576971298083663,9,13249,,,,,,,,,,,,
,9,13279,0.8685920238494873,0.8750951886177063,0.31808730959892273,0.3744729161262512,,,,,,,,
,9,13279,,,,,0.3840927481651306,0.9589089751243591,0.3580882251262665,0.3374289274215698,,,,
0.0018188848625868559,10,13299,,,,,,,,,,,,
0.6375370025634766,10,13349,,,,,,,,,,,,
0.7623087763786316,10,13399,,,,,,,,,,,,
0.0012516268761828542,10,13449,,,,,,,,,,,,
0.03270323574542999,10,13499,,,,,,,,,,,,
0.10367917269468307,10,13549,,,,,,,,,,,,
0.15682266652584076,10,13599,,,,,,,,,,,,
0.37030842900276184,10,13649,,,,,,,,,,,,
0.015236745588481426,10,13699,,,,,,,,,,,,
0.13362343609333038,10,13749,,,,,,,,,,,,
0.010402476415038109,10,13799,,,,,,,,,,,,
3.088102340698242,10,13849,,,,,,,,,,,,
0.6068534851074219,10,13899,,,,,,,,,,,,
3.678812936414033e-05,10,13949,,,,,,,,,,,,
0.005419567227363586,10,13999,,,,,,,,,,,,
0.0017115684458985925,10,14049,,,,,,,,,,,,
2.607702853651972e-08,10,14099,,,,,,,,,,,,
0.2571313679218292,10,14149,,,,,,,,,,,,
0.06162501871585846,10,14199,,,,,,,,,,,,
0.02298547327518463,10,14249,,,,,,,,,,,,
0.5045516490936279,10,14299,,,,,,,,,,,,
0.6737881302833557,10,14349,,,,,,,,,,,,
0.29254814982414246,10,14399,,,,,,,,,,,,
0.1063658595085144,10,14449,,,,,,,,,,,,
1.114624261856079,10,14499,,,,,,,,,,,,
0.013425967656075954,10,14549,,,,,,,,,,,,
0.2899022102355957,10,14599,,,,,,,,,,,,
,10,14607,0.2991198003292084,0.9716298580169678,0.2801932394504547,0.391856849193573,,,,,,,,
,10,14607,,,,,0.49992549419403076,0.9573085904121399,0.3432295322418213,0.3214333653450012,,,,
0.09767739474773407,11,14649,,,,,,,,,,,,
0.18897119164466858,11,14699,,,,,,,,,,,,
0.15340113639831543,11,14749,,,,,,,,,,,,
0.0014887540601193905,11,14799,,,,,,,,,,,,
0.02715451270341873,11,14849,,,,,,,,,,,,
0.8784427642822266,11,14899,,,,,,,,,,,,
0.008987494744360447,11,14949,,,,,,,,,,,,
0.4361816644668579,11,14999,,,,,,,,,,,,
0.017940765246748924,11,15049,,,,,,,,,,,,
0.30351319909095764,11,15099,,,,,,,,,,,,
0.3101291060447693,11,15149,,,,,,,,,,,,
4.0812530517578125,11,15199,,,,,,,,,,,,
0.04509332776069641,11,15249,,,,,,,,,,,,
0.7359273433685303,11,15299,,,,,,,,,,,,
1.5843347311019897,11,15349,,,,,,,,,,,,
0.644865870475769,11,15399,,,,,,,,,,,,
0.0006825037417002022,11,15449,,,,,,,,,,,,
0.010884786956012249,11,15499,,,,,,,,,,,,
0.25776320695877075,11,15549,,,,,,,,,,,,
0.00020662117458414286,11,15599,,,,,,,,,,,,
1.862093210220337,11,15649,,,,,,,,,,,,
0.14142772555351257,11,15699,,,,,,,,,,,,
0.24438782036304474,11,15749,,,,,,,,,,,,
0.42117172479629517,11,15799,,,,,,,,,,,,
1.0626803486957215e-05,11,15849,,,,,,,,,,,,
0.00016588075959589332,11,15899,,,,,,,,,,,,
,11,15935,0.5261128544807434,0.9662985801696777,0.49572649598121643,0.47831296920776367,,,,,,,,
,11,15935,,,,,0.39480099081993103,0.9602974653244019,0.3800073564052582,0.36008915305137634,,,,
2.582165241241455,12,15949,,,,,,,,,,,,
1.45078706741333,12,15999,,,,,,,,,,,,
3.114591527264565e-05,12,16049,,,,,,,,,,,,
0.061557989567518234,12,16099,,,,,,,,,,,,
0.0020081934053450823,12,16149,,,,,,,,,,,,
0.0006705992273055017,12,16199,,,,,,,,,,,,
0.06093854084610939,12,16249,,,,,,,,,,,,
0.13961750268936157,12,16299,,,,,,,,,,,,
0.0009086978971026838,12,16349,,,,,,,,,,,,
0.12385177612304688,12,16399,,,,,,,,,,,,
0.0010064260568469763,12,16449,,,,,,,,,,,,
0.13228686153888702,12,16499,,,,,,,,,,,,
1.580653429031372,12,16549,,,,,,,,,,,,
0.004074969794601202,12,16599,,,,,,,,,,,,
0.07223077863454819,12,16649,,,,,,,,,,,,
1.4709627628326416,12,16699,,,,,,,,,,,,
0.02518913894891739,12,16749,,,,,,,,,,,,
0.3971686363220215,12,16799,,,,,,,,,,,,
0.557839572429657,12,16849,,,,,,,,,,,,
0.2587985396385193,12,16899,,,,,,,,,,,,
0.2307826280593872,12,16949,,,,,,,,,,,,
0.0739721730351448,12,16999,,,,,,,,,,,,
0.36884498596191406,12,17049,,,,,,,,,,,,
0.0005508667090907693,12,17099,,,,,,,,,,,,
0.0011298644822090864,12,17149,,,,,,,,,,,,
0.00024579802993685007,12,17199,,,,,,,,,,,,
0.02123454213142395,12,17249,,,,,,,,,,,,
,12,17263,0.3114420175552368,0.9447829127311707,0.48028674721717834,0.4928414225578308,,,,,,,,
,12,17263,,,,,0.5135610103607178,0.9603445529937744,0.38210487365722656,0.3621608316898346,,,,
0.15391072630882263,13,17299,,,,,,,,,,,,
0.21054887771606445,13,17349,,,,,,,,,,,,
0.11877156049013138,13,17399,,,,,,,,,,,,
0.08447548747062683,13,17449,,,,,,,,,,,,
0.0034743372816592455,13,17499,,,,,,,,,,,,
0.28094103932380676,13,17549,,,,,,,,,,,,
0.07295004278421402,13,17599,,,,,,,,,,,,
0.01189603190869093,13,17649,,,,,,,,,,,,
0.3914598822593689,13,17699,,,,,,,,,,,,
0.4899965822696686,13,17749,,,,,,,,,,,,
0.06143651902675629,13,17799,,,,,,,,,,,,
0.4778112769126892,13,17849,,,,,,,,,,,,
0.0002290401898790151,13,17899,,,,,,,,,,,,
0.006095091812312603,13,17949,,,,,,,,,,,,
1.243128776550293,13,17999,,,,,,,,,,,,
0.29164987802505493,13,18049,,,,,,,,,,,,
0.8061097860336304,13,18099,,,,,,,,,,,,
6.666657282039523e-05,13,18149,,,,,,,,,,,,
2.4651992321014404,13,18199,,,,,,,,,,,,
2.2305514812469482,13,18249,,,,,,,,,,,,
0.6534224152565002,13,18299,,,,,,,,,,,,
8.867241859436035,13,18349,,,,,,,,,,,,
0.43296241760253906,13,18399,,,,,,,,,,,,
0.015298464335501194,13,18449,,,,,,,,,,,,
0.4973318576812744,13,18499,,,,,,,,,,,,
0.45470812916755676,13,18549,,,,,,,,,,,,
,13,18591,0.2201244831085205,0.9693450331687927,0.41025641560554504,0.41559556126594543,,,,,,,,
,13,18591,,,,,0.3951316475868225,0.9623214602470398,0.4124770760536194,0.3936140537261963,,,,
0.2027491331100464,14,18599,,,,,,,,,,,,
0.29629769921302795,14,18649,,,,,,,,,,,,
0.03733706474304199,14,18699,,,,,,,,,,,,
0.3883371353149414,14,18749,,,,,,,,,,,,
0.2915169894695282,14,18799,,,,,,,,,,,,
0.18098904192447662,14,18849,,,,,,,,,,,,
0.0005525474552996457,14,18899,,,,,,,,,,,,
0.034360866993665695,14,18949,,,,,,,,,,,,
0.006595329847186804,14,18999,,,,,,,,,,,,
0.5130377411842346,14,19049,,,,,,,,,,,,
0.014202163554728031,14,19099,,,,,,,,,,,,
0.4121573865413666,14,19149,,,,,,,,,,,,
1.4973634481430054,14,19199,,,,,,,,,,,,
0.00023553997743874788,14,19249,,,,,,,,,,,,
0.42590034008026123,14,19299,,,,,,,,,,,,
0.12211953103542328,14,19349,,,,,,,,,,,,
0.09335562586784363,14,19399,,,,,,,,,,,,
0.1536961793899536,14,19449,,,,,,,,,,,,
0.01023925095796585,14,19499,,,,,,,,,,,,
0.1374240666627884,14,19549,,,,,,,,,,,,
0.14600178599357605,14,19599,,,,,,,,,,,,
0.17925414443016052,14,19649,,,,,,,,,,,,
2.581798791885376,14,19699,,,,,,,,,,,,
0.00020242700702510774,14,19749,,,,,,,,,,,,
0.41297677159309387,14,19799,,,,,,,,,,,,
0.004147498402744532,14,19849,,,,,,,,,,,,
7.719546556472778e-05,14,19899,,,,,,,,,,,,
,14,19919,0.2318311333656311,0.9760091304779053,0.5263158082962036,0.5477129817008972,,,,,,,,
,14,19919,,,,,0.33148983120918274,0.9619684219360352,0.41107872128486633,0.391867995262146,,,,
0.46262139081954956,15,19949,,,,,,,,,,,,
0.36136072874069214,15,19999,,,,,,,,,,,,
0.13839691877365112,15,20049,,,,,,,,,,,,
0.11373081058263779,15,20099,,,,,,,,,,,,
0.02220339886844158,15,20149,,,,,,,,,,,,
0.001134841819293797,15,20199,,,,,,,,,,,,
0.0004323901957832277,15,20249,,,,,,,,,,,,
0.08846982568502426,15,20299,,,,,,,,,,,,
0.00749187869951129,15,20349,,,,,,,,,,,,
0.10363765060901642,15,20399,,,,,,,,,,,,
0.0004224164877086878,15,20449,,,,,,,,,,,,
0.6023635864257812,15,20499,,,,,,,,,,,,
0.00040938297752290964,15,20549,,,,,,,,,,,,
0.25329211354255676,15,20599,,,,,,,,,,,,
0.007200795225799084,15,20649,,,,,,,,,,,,
0.14371998608112335,15,20699,,,,,,,,,,,,
0.0014266276266425848,15,20749,,,,,,,,,,,,
0.34384122490882874,15,20799,,,,,,,,,,,,
0.8230742812156677,15,20849,,,,,,,,,,,,
3.1436853408813477,15,20899,,,,,,,,,,,,
0.008013437502086163,15,20949,,,,,,,,,,,,
0.00011726259253919125,15,20999,,,,,,,,,,,,
0.6111562252044678,15,21049,,,,,,,,,,,,
1.9327435493469238,15,21099,,,,,,,,,,,,
0.00109272135887295,15,21149,,,,,,,,,,,,
0.060103025287389755,15,21199,,,,,,,,,,,,
,15,21247,0.41962119936943054,0.9701066017150879,0.24880382418632507,0.33789727091789246,,,,,,,,
,15,21247,,,,,0.5041082501411438,0.9610505700111389,0.4023112952709198,0.3824457824230194,,,,
0.5047311782836914,16,21249,,,,,,,,,,,,
0.8428241610527039,16,21299,,,,,,,,,,,,
0.02264150232076645,16,21349,,,,,,,,,,,,
0.00023822885123081505,16,21399,,,,,,,,,,,,
4.9898204451892525e-05,16,21449,,,,,,,,,,,,
0.3554452061653137,16,21499,,,,,,,,,,,,
1.8300111293792725,16,21549,,,,,,,,,,,,
0.6652640700340271,16,21599,,,,,,,,,,,,
0.5440840721130371,16,21649,,,,,,,,,,,,
0.08697164058685303,16,21699,,,,,,,,,,,,
0.5631157159805298,16,21749,,,,,,,,,,,,
0.19548657536506653,16,21799,,,,,,,,,,,,
5.580697536468506,16,21849,,,,,,,,,,,,
1.4420628547668457,16,21899,,,,,,,,,,,,
0.6906979084014893,16,21949,,,,,,,,,,,,
1.1160091161727905,16,21999,,,,,,,,,,,,
0.13665831089019775,16,22049,,,,,,,,,,,,
0.11018312722444534,16,22099,,,,,,,,,,,,
0.23939450085163116,16,22149,,,,,,,,,,,,
0.5130830407142639,16,22199,,,,,,,,,,,,
0.3170500695705414,16,22249,,,,,,,,,,,,
0.3375604748725891,16,22299,,,,,,,,,,,,
0.0007743369787931442,16,22349,,,,,,,,,,,,
0.08429919183254242,16,22399,,,,,,,,,,,,
0.0068571739830076694,16,22449,,,,,,,,,,,,
0.9852451682090759,16,22499,,,,,,,,,,,,
0.04277084767818451,16,22549,,,,,,,,,,,,
,16,22575,0.5062803626060486,0.9693450331687927,0.18274112045764923,0.29680317640304565,,,,,,,,
,16,22575,,,,,0.4904581308364868,0.9610034823417664,0.39679649472236633,0.3770500123500824,,,,
1.8526402711868286,17,22599,,,,,,,,,,,,
0.15382367372512817,17,22649,,,,,,,,,,,,
0.3716936409473419,17,22699,,,,,,,,,,,,
0.0026527387090027332,17,22749,,,,,,,,,,,,
0.00028866392676718533,17,22799,,,,,,,,,,,,
1.0728812217712402,17,22849,,,,,,,,,,,,
1.8057111501693726,17,22899,,,,,,,,,,,,
0.7045751810073853,17,22949,,,,,,,,,,,,
0.0008732083369977772,17,22999,,,,,,,,,,,,
0.0388202928006649,17,23049,,,,,,,,,,,,
0.12043245136737823,17,23099,,,,,,,,,,,,
0.5132522583007812,17,23149,,,,,,,,,,,,
0.3616240322589874,17,23199,,,,,,,,,,,,
0.0016684560105204582,17,23249,,,,,,,,,,,,
0.5853879451751709,17,23299,,,,,,,,,,,,
0.05952978506684303,17,23349,,,,,,,,,,,,
0.20973989367485046,17,23399,,,,,,,,,,,,
0.0005393409519456327,17,23449,,,,,,,,,,,,
0.13742995262145996,17,23499,,,,,,,,,,,,
0.119230255484581,17,23549,,,,,,,,,,,,
0.09547048807144165,17,23599,,,,,,,,,,,,
0.39479711651802063,17,23649,,,,,,,,,,,,
0.23559391498565674,17,23699,,,,,,,,,,,,
5.242300033569336,17,23749,,,,,,,,,,,,
0.673537015914917,17,23799,,,,,,,,,,,,
0.7474542260169983,17,23849,,,,,,,,,,,,
0.514620304107666,17,23899,,,,,,,,,,,,
,17,23903,0.44416987895965576,0.9335491061210632,0.457231730222702,0.48717960715293884,,,,,,,,
,17,23903,,,,,0.3806222975254059,0.9618743062019348,0.41219156980514526,0.3928435146808624,,,,
0.21738079190254211,18,23949,,,,,,,,,,,,
0.021293753758072853,18,23999,,,,,,,,,,,,
0.08064248412847519,18,24049,,,,,,,,,,,,
7.040754326226306e-07,18,24099,,,,,,,,,,,,
0.014644624665379524,18,24149,,,,,,,,,,,,
4.626587178790942e-05,18,24199,,,,,,,,,,,,
0.6690177917480469,18,24249,,,,,,,,,,,,
0.0891912505030632,18,24299,,,,,,,,,,,,
0.3015415668487549,18,24349,,,,,,,,,,,,
1.3208277225494385,18,24399,,,,,,,,,,,,
0.19788265228271484,18,24449,,,,,,,,,,,,
0.06768798828125,18,24499,,,,,,,,,,,,
0.012515622191131115,18,24549,,,,,,,,,,,,
0.14463470876216888,18,24599,,,,,,,,,,,,
0.22075004875659943,18,24649,,,,,,,,,,,,
0.05977129936218262,18,24699,,,,,,,,,,,,
1.108674168586731,18,24749,,,,,,,,,,,,
0.3721197247505188,18,24799,,,,,,,,,,,,
0.12181831896305084,18,24849,,,,,,,,,,,,
0.6864006519317627,18,24899,,,,,,,,,,,,
0.04702695086598396,18,24949,,,,,,,,,,,,
0.09423213452100754,18,24999,,,,,,,,,,,,
0.1646328717470169,18,25049,,,,,,,,,,,,
1.740860104560852,18,25099,,,,,,,,,,,,
0.08126311004161835,18,25149,,,,,,,,,,,,
1.1991742849349976,18,25199,,,,,,,,,,,,
,18,25231,0.34954237937927246,0.9731531143188477,0.3896103799343109,0.4516361355781555,,,,,,,,
,18,25231,,,,,0.4345947802066803,0.959261953830719,0.37890204787254333,0.3580057621002197,,,,
0.5065951943397522,19,25249,,,,,,,,,,,,
0.1434440314769745,19,25299,,,,,,,,,,,,
0.36833325028419495,19,25349,,,,,,,,,,,,
0.05677231028676033,19,25399,,,,,,,,,,,,
0.07877371460199356,19,25449,,,,,,,,,,,,
0.10665912926197052,19,25499,,,,,,,,,,,,
0.27508193254470825,19,25549,,,,,,,,,,,,
0.3117256164550781,19,25599,,,,,,,,,,,,
0.2935207188129425,19,25649,,,,,,,,,,,,
0.8385807871818542,19,25699,,,,,,,,,,,,
0.11377861350774765,19,25749,,,,,,,,,,,,
0.11321092396974564,19,25799,,,,,,,,,,,,
0.05186017230153084,19,25849,,,,,,,,,,,,
0.016056379303336143,19,25899,,,,,,,,,,,,
0.0008073672070167959,19,25949,,,,,,,,,,,,
0.019272826611995697,19,25999,,,,,,,,,,,,
0.30854666233062744,19,26049,,,,,,,,,,,,
1.7577661275863647,19,26099,,,,,,,,,,,,
5.688005785486894e-06,19,26149,,,,,,,,,,,,
4.673363218898885e-05,19,26199,,,,,,,,,,,,
0.0007974402979016304,19,26249,,,,,,,,,,,,
0.018048306927084923,19,26299,,,,,,,,,,,,
0.3785240948200226,19,26349,,,,,,,,,,,,
0.00045160690206103027,19,26399,,,,,,,,,,,,
0.14587512612342834,19,26449,,,,,,,,,,,,
0.0005973837105557323,19,26499,,,,,,,,,,,,
2.32919574045809e-05,19,26549,,,,,,,,,,,,
,19,26559,0.955167293548584,0.905559778213501,0.3641025722026825,0.40271034836769104,,,,,,,,
,19,26559,,,,,0.3406970798969269,0.9633098840713501,0.43900683522224426,0.42026999592781067,,,,
0.04477382078766823,20,26599,,,,,,,,,,,,
0.0013522042427212,20,26649,,,,,,,,,,,,
0.037605613470077515,20,26699,,,,,,,,,,,,
0.0002640864404384047,20,26749,,,,,,,,,,,,
0.4229789972305298,20,26799,,,,,,,,,,,,
0.05419796705245972,20,26849,,,,,,,,,,,,
0.46591055393218994,20,26899,,,,,,,,,,,,
0.003001627279445529,20,26949,,,,,,,,,,,,
0.3223268389701843,20,26999,,,,,,,,,,,,
0.0007873670547269285,20,27049,,,,,,,,,,,,
0.0097361970692873,20,27099,,,,,,,,,,,,
0.25829842686653137,20,27149,,,,,,,,,,,,
0.31271177530288696,20,27199,,,,,,,,,,,,
0.03089834377169609,20,27249,,,,,,,,,,,,
0.9702480435371399,20,27299,,,,,,,,,,,,
0.18682792782783508,20,27349,,,,,,,,,,,,
0.9584458470344543,20,27399,,,,,,,,,,,,
0.05049845203757286,20,27449,,,,,,,,,,,,
0.4461483061313629,20,27499,,,,,,,,,,,,
0.3505585491657257,20,27549,,,,,,,,,,,,
0.0007105288677848876,20,27599,,,,,,,,,,,,
0.07541800290346146,20,27649,,,,,,,,,,,,
1.3071942329406738,20,27699,,,,,,,,,,,,
0.30245697498321533,20,27749,,,,,,,,,,,,
0.28802454471588135,20,27799,,,,,,,,,,,,
0.0017057782970368862,20,27849,,,,,,,,,,,,
,20,27887,0.9830207228660583,0.9672505855560303,0.07526881992816925,0.17083480954170227,,,,,,,,
,20,27887,,,,,0.337120920419693,0.9635922908782959,0.4401013255119324,0.421612411737442,,,,
0.000769269943702966,21,27899,,,,,,,,,,,,
1.628908285056241e-05,21,27949,,,,,,,,,,,,
0.14539635181427002,21,27999,,,,,,,,,,,,
0.00021677406039088964,21,28049,,,,,,,,,,,,
0.0007368981605395675,21,28099,,,,,,,,,,,,
0.10844433307647705,21,28149,,,,,,,,,,,,
0.8073527216911316,21,28199,,,,,,,,,,,,
5.571171760559082,21,28249,,,,,,,,,,,,
0.1629548966884613,21,28299,,,,,,,,,,,,
0.3198331892490387,21,28349,,,,,,,,,,,,
0.6579128503799438,21,28399,,,,,,,,,,,,
0.2708336412906647,21,28449,,,,,,,,,,,,
2.643672227859497,21,28499,,,,,,,,,,,,
0.00037402298767119646,21,28549,,,,,,,,,,,,
0.0902414545416832,21,28599,,,,,,,,,,,,
0.0015978561714291573,21,28649,,,,,,,,,,,,
0.20043592154979706,21,28699,,,,,,,,,,,,
0.24045208096504211,21,28749,,,,,,,,,,,,
0.05287778750061989,21,28799,,,,,,,,,,,,
0.12535542249679565,21,28849,,,,,,,,,,,,
8.054018690017983e-05,21,28899,,,,,,,,,,,,
0.000325987086398527,21,28949,,,,,,,,,,,,
0.09435094892978668,21,28999,,,,,,,,,,,,
0.6226563453674316,21,29049,,,,,,,,,,,,
0.1003018319606781,21,29099,,,,,,,,,,,,
0.022426478564739227,21,29149,,,,,,,,,,,,
0.29486963152885437,21,29199,,,,,,,,,,,,
,21,29215,0.3667483329772949,0.9733434915542603,0.3913043439388275,0.4561900198459625,,,,,,,,
,21,29215,,,,,0.24605920910835266,0.9676872491836548,0.5030763745307922,0.4867471158504486,,,,
0.3480686843395233,22,29249,,,,,,,,,,,,
0.08713998645544052,22,29299,,,,,,,,,,,,
0.015433776192367077,22,29349,,,,,,,,,,,,
0.22616440057754517,22,29399,,,,,,,,,,,,
0.23070086538791656,22,29449,,,,,,,,,,,,
0.2286633849143982,22,29499,,,,,,,,,,,,
0.1480909287929535,22,29549,,,,,,,,,,,,
0.018923506140708923,22,29599,,,,,,,,,,,,
0.26875025033950806,22,29649,,,,,,,,,,,,
0.15254777669906616,22,29699,,,,,,,,,,,,
0.014400335028767586,22,29749,,,,,,,,,,,,
0.00029802575591020286,22,29799,,,,,,,,,,,,
0.15645205974578857,22,29849,,,,,,,,,,,,
0.2851491868495941,22,29899,,,,,,,,,,,,
0.8952809572219849,22,29949,,,,,,,,,,,,
0.0007900881464593112,22,29999,,,,,,,,,,,,
0.00015332180191762745,22,30049,,,,,,,,,,,,
0.22145529091358185,22,30099,,,,,,,,,,,,
0.4919089078903198,22,30149,,,,,,,,,,,,
0.7130573987960815,22,30199,,,,,,,,,,,,
0.1367621272802353,22,30249,,,,,,,,,,,,
0.1601511836051941,22,30299,,,,,,,,,,,,
7.602827736263862e-06,22,30349,,,,,,,,,,,,
0.0003172684519086033,22,30399,,,,,,,,,,,,
0.23589450120925903,22,30449,,,,,,,,,,,,
0.1630202829837799,22,30499,,,,,,,,,,,,
,22,30543,2.310375213623047,0.9662985801696777,0.0,0.0,,,,,,,,
,22,30543,,,,,0.3832593858242035,0.9628862738609314,0.4365845024585724,0.41752734780311584,,,,
0.6584388613700867,23,30549,,,,,,,,,,,,
0.11381223797798157,23,30599,,,,,,,,,,,,
0.0030518672429025173,23,30649,,,,,,,,,,,,
0.22274662554264069,23,30699,,,,,,,,,,,,
0.013459659181535244,23,30749,,,,,,,,,,,,
0.0068996017798781395,23,30799,,,,,,,,,,,,
1.2069766626154887e-06,23,30849,,,,,,,,,,,,
0.7135135531425476,23,30899,,,,,,,,,,,,
0.4318966567516327,23,30949,,,,,,,,,,,,
4.331497669219971,23,30999,,,,,,,,,,,,
0.32242345809936523,23,31049,,,,,,,,,,,,
0.00013387500075623393,23,31099,,,,,,,,,,,,
0.2204977124929428,23,31149,,,,,,,,,,,,
0.3871404528617859,23,31199,,,,,,,,,,,,
0.0004512537852860987,23,31249,,,,,,,,,,,,
0.16752518713474274,23,31299,,,,,,,,,,,,
0.9067932963371277,23,31349,,,,,,,,,,,,
0.1633015275001526,23,31399,,,,,,,,,,,,
0.14257241785526276,23,31449,,,,,,,,,,,,
0.3417482078075409,23,31499,,,,,,,,,,,,
0.40116044878959656,23,31549,,,,,,,,,,,,
0.05169691517949104,23,31599,,,,,,,,,,,,
0.6133026480674744,23,31649,,,,,,,,,,,,
2.8857603073120117,23,31699,,,,,,,,,,,,
0.49177274107933044,23,31749,,,,,,,,,,,,
0.019571762531995773,23,31799,,,,,,,,,,,,
1.1973776817321777,23,31849,,,,,,,,,,,,
,23,31871,0.1973624974489212,0.9701066017150879,0.5922077894210815,0.5788209438323975,,,,,,,,
,23,31871,,,,,0.40330755710601807,0.9630745053291321,0.4358144700527191,0.4169425964355469,,,,
0.026485154405236244,24,31899,,,,,,,,,,,,
0.003063473617658019,24,31949,,,,,,,,,,,,
0.013667015358805656,24,31999,,,,,,,,,,,,
0.28931257128715515,24,32049,,,,,,,,,,,,
0.06344576179981232,24,32099,,,,,,,,,,,,
0.0845831036567688,24,32149,,,,,,,,,,,,
0.05427964776754379,24,32199,,,,,,,,,,,,
0.19121086597442627,24,32249,,,,,,,,,,,,
0.2674786150455475,24,32299,,,,,,,,,,,,
0.35127922892570496,24,32349,,,,,,,,,,,,
3.8119938373565674,24,32399,,,,,,,,,,,,
0.04228333383798599,24,32449,,,,,,,,,,,,
0.0011119965929538012,24,32499,,,,,,,,,,,,
0.10395219922065735,24,32549,,,,,,,,,,,,
0.000719021656550467,24,32599,,,,,,,,,,,,
0.004814650863409042,24,32649,,,,,,,,,,,,
0.0009170567500405014,24,32699,,,,,,,,,,,,
2.473013591952622e-05,24,32749,,,,,,,,,,,,
0.003677399829030037,24,32799,,,,,,,,,,,,
8.3248145529069e-05,24,32849,,,,,,,,,,,,
0.022362535819411278,24,32899,,,,,,,,,,,,
0.026069331914186478,24,32949,,,,,,,,,,,,
0.04997504875063896,24,32999,,,,,,,,,,,,
0.002000001957640052,24,33049,,,,,,,,,,,,
0.2368508279323578,24,33099,,,,,,,,,,,,
0.3688158094882965,24,33149,,,,,,,,,,,,
0.11158782988786697,24,33199,,,,,,,,,,,,
,24,33199,0.3708820044994354,0.9742954969406128,0.5161290168762207,0.5242065787315369,,,,,,,,
,24,33199,,,,,0.23647627234458923,0.9688640236854553,0.5222101807594299,0.5064560770988464,,,,
0.8055844306945801,25,33249,,,,,,,,,,,,
0.057454291731119156,25,33299,,,,,,,,,,,,
0.13658258318901062,25,33349,,,,,,,,,,,,
0.6093419194221497,25,33399,,,,,,,,,,,,
0.2867598235607147,25,33449,,,,,,,,,,,,
0.6749304533004761,25,33499,,,,,,,,,,,,
5.1782411901513115e-05,25,33549,,,,,,,,,,,,
2.6572739443508908e-05,25,33599,,,,,,,,,,,,
0.04166076332330704,25,33649,,,,,,,,,,,,
7.695808744756505e-05,25,33699,,,,,,,,,,,,
0.16112610697746277,25,33749,,,,,,,,,,,,
0.6390067338943481,25,33799,,,,,,,,,,,,
6.172481334942859e-06,25,33849,,,,,,,,,,,,
0.02762223221361637,25,33899,,,,,,,,,,,,
0.17981475591659546,25,33949,,,,,,,,,,,,
0.04823349043726921,25,33999,,,,,,,,,,,,
1.1558027267456055,25,34049,,,,,,,,,,,,
0.737236738204956,25,34099,,,,,,,,,,,,
0.00041201733984053135,25,34149,,,,,,,,,,,,
0.3599567115306854,25,34199,,,,,,,,,,,,
0.4470677077770233,25,34249,,,,,,,,,,,,
0.018343079835176468,25,34299,,,,,,,,,,,,
0.00010848408419406042,25,34349,,,,,,,,,,,,
0.0015044118044897914,25,34399,,,,,,,,,,,,
0.004335795994848013,25,34449,,,,,,,,,,,,
0.004017488099634647,25,34499,,,,,,,,,,,,
,25,34527,0.15386183559894562,0.9739146828651428,0.6183844208717346,0.6049454808235168,,,,,,,,
,25,34527,,,,,0.2950318455696106,0.9661810994148254,0.48439180850982666,0.4671136140823364,,,,
0.13795074820518494,26,34549,,,,,,,,,,,,
0.0010193316265940666,26,34599,,,,,,,,,,,,
0.0006346407462842762,26,34649,,,,,,,,,,,,
0.0532183013856411,26,34699,,,,,,,,,,,,
0.0009141079499386251,26,34749,,,,,,,,,,,,
0.8262470364570618,26,34799,,,,,,,,,,,,
0.0007660940173082054,26,34849,,,,,,,,,,,,
0.09158872812986374,26,34899,,,,,,,,,,,,
3.420299253775738e-05,26,34949,,,,,,,,,,,,
0.0007152474718168378,26,34999,,,,,,,,,,,,
0.615850031375885,26,35049,,,,,,,,,,,,
0.16516263782978058,26,35099,,,,,,,,,,,,
1.466168761253357,26,35149,,,,,,,,,,,,
0.29855263233184814,26,35199,,,,,,,,,,,,
0.3259330689907074,26,35249,,,,,,,,,,,,
0.06571617722511292,26,35299,,,,,,,,,,,,
1.371063470840454,26,35349,,,,,,,,,,,,
0.02697148360311985,26,35399,,,,,,,,,,,,
0.0020845402032136917,26,35449,,,,,,,,,,,,
0.00208904966711998,26,35499,,,,,,,,,,,,
0.0007126377895474434,26,35549,,,,,,,,,,,,
0.0011010607704520226,26,35599,,,,,,,,,,,,
8.398945647059008e-05,26,35649,,,,,,,,,,,,
0.0018435249803587794,26,35699,,,,,,,,,,,,
0.16636782884597778,26,35749,,,,,,,,,,,,
0.0007145261042751372,26,35799,,,,,,,,,,,,
5.3481446229852736e-05,26,35849,,,,,,,,,,,,
,26,35855,0.1707194298505783,0.9727723002433777,0.6285714507102966,0.6166912317276001,,,,,,,,
,26,35855,,,,,0.27157068252563477,0.9686992764472961,0.5191612243652344,0.5033437013626099,,,,
0.000896286393981427,27,35899,,,,,,,,,,,,
0.37508177757263184,27,35949,,,,,,,,,,,,
0.35088464617729187,27,35999,,,,,,,,,,,,
0.8614255785942078,27,36049,,,,,,,,,,,,
0.00022668958990834653,27,36099,,,,,,,,,,,,
0.012631031684577465,27,36149,,,,,,,,,,,,
0.020342567935585976,27,36199,,,,,,,,,,,,
0.013400347903370857,27,36249,,,,,,,,,,,,
0.06314502656459808,27,36299,,,,,,,,,,,,
0.21729101240634918,27,36349,,,,,,,,,,,,
0.17337484657764435,27,36399,,,,,,,,,,,,
0.13628318905830383,27,36449,,,,,,,,,,,,
0.05473799630999565,27,36499,,,,,,,,,,,,
4.654780864715576,27,36549,,,,,,,,,,,,
3.991469621658325,27,36599,,,,,,,,,,,,
0.00014624166942667216,27,36649,,,,,,,,,,,,
0.0017552792560309172,27,36699,,,,,,,,,,,,
0.42719846963882446,27,36749,,,,,,,,,,,,
0.5728526711463928,27,36799,,,,,,,,,,,,
0.19106024503707886,27,36849,,,,,,,,,,,,
0.049311887472867966,27,36899,,,,,,,,,,,,
0.9441592693328857,27,36949,,,,,,,,,,,,
0.01302633248269558,27,36999,,,,,,,,,,,,
0.2843015193939209,27,37049,,,,,,,,,,,,
0.028045326471328735,27,37099,,,,,,,,,,,,
0.44053712487220764,27,37149,,,,,,,,,,,,
,27,37183,0.6299659013748169,0.9213632941246033,0.4141843914985657,0.4498368203639984,,,,,,,,
,27,37183,,,,,0.3129149079322815,0.9663693308830261,0.4857862591743469,0.4686536490917206,,,,
1.0623153684719e-05,28,37199,,,,,,,,,,,,
2.0184808818157762e-05,28,37249,,,,,,,,,,,,
7.40166797186248e-06,28,37299,,,,,,,,,,,,
0.3958967924118042,28,37349,,,,,,,,,,,,
0.0708463191986084,28,37399,,,,,,,,,,,,
0.7304303646087646,28,37449,,,,,,,,,,,,
0.014515331946313381,28,37499,,,,,,,,,,,,
0.0016274010995402932,28,37549,,,,,,,,,,,,
0.008777860552072525,28,37599,,,,,,,,,,,,
0.00042196823051199317,28,37649,,,,,,,,,,,,
0.7269952297210693,28,37699,,,,,,,,,,,,
0.10971156507730484,28,37749,,,,,,,,,,,,
0.00045355421025305986,28,37799,,,,,,,,,,,,
0.21044707298278809,28,37849,,,,,,,,,,,,
0.7137444615364075,28,37899,,,,,,,,,,,,
0.053890444338321686,28,37949,,,,,,,,,,,,
1.2602053175214678e-05,28,37999,,,,,,,,,,,,
0.034890688955783844,28,38049,,,,,,,,,,,,
0.020898345857858658,28,38099,,,,,,,,,,,,
0.4324781000614166,28,38149,,,,,,,,,,,,
0.47353366017341614,28,38199,,,,,,,,,,,,
0.10317914187908173,28,38249,,,,,,,,,,,,
0.0008998172706924379,28,38299,,,,,,,,,,,,
0.25523728132247925,28,38349,,,,,,,,,,,,
0.09500789642333984,28,38399,,,,,,,,,,,,
0.10553350299596786,28,38449,,,,,,,,,,,,
0.29917001724243164,28,38499,,,,,,,,,,,,
,28,38511,0.9268099665641785,0.8787128925323486,0.3329842984676361,0.394380658864975,,,,,,,,
,28,38511,,,,,0.3171505928039551,0.9671695232391357,0.49401524662971497,0.47746196389198303,,,,
5.1990156173706055,29,38549,,,,,,,,,,,,
0.31115859746932983,29,38599,,,,,,,,,,,,
0.0017609184142202139,29,38649,,,,,,,,,,,,
0.0052460357546806335,29,38699,,,,,,,,,,,,
0.0482252836227417,29,38749,,,,,,,,,,,,
0.016210976988077164,29,38799,,,,,,,,,,,,
0.07148508727550507,29,38849,,,,,,,,,,,,
0.5607569217681885,29,38899,,,,,,,,,,,,
0.8109965324401855,29,38949,,,,,,,,,,,,
0.06590703874826431,29,38999,,,,,,,,,,,,
0.22290177643299103,29,39049,,,,,,,,,,,,
0.12059691548347473,29,39099,,,,,,,,,,,,
0.024802425876259804,29,39149,,,,,,,,,,,,
0.0073218513280153275,29,39199,,,,,,,,,,,,
0.019948042929172516,29,39249,,,,,,,,,,,,
0.00021582691988442093,29,39299,,,,,,,,,,,,
0.0016937189502641559,29,39349,,,,,,,,,,,,
0.37576815485954285,29,39399,,,,,,,,,,,,
0.01361868903040886,29,39449,,,,,,,,,,,,
0.48701101541519165,29,39499,,,,,,,,,,,,
0.10251816362142563,29,39549,,,,,,,,,,,,
8.264964708359912e-05,29,39599,,,,,,,,,,,,
0.22287197411060333,29,39649,,,,,,,,,,,,
0.7689032554626465,29,39699,,,,,,,,,,,,
0.010660814121365547,29,39749,,,,,,,,,,,,
1.1670074462890625,29,39799,,,,,,,,,,,,
,29,39839,0.25176161527633667,0.9761995673179626,0.5674740672111511,0.5713171362876892,,,,,,,,
,29,39839,,,,,0.30036672949790955,0.9678990840911865,0.5149359703063965,0.49843254685401917,,,,
0.7739845514297485,30,39849,,,,,,,,,,,,
0.5485761761665344,30,39899,,,,,,,,,,,,
0.0008262097253464162,30,39949,,,,,,,,,,,,
0.4926193058490753,30,39999,,,,,,,,,,,,
0.00027064874302595854,30,40049,,,,,,,,,,,,
0.11173958331346512,30,40099,,,,,,,,,,,,
0.014425480738282204,30,40149,,,,,,,,,,,,
0.282440185546875,30,40199,,,,,,,,,,,,
0.035646114498376846,30,40249,,,,,,,,,,,,
0.9881377816200256,30,40299,,,,,,,,,,,,
0.18024541437625885,30,40349,,,,,,,,,,,,
1.22817063331604,30,40399,,,,,,,,,,,,
0.6410477757453918,30,40449,,,,,,,,,,,,
0.17528460919857025,30,40499,,,,,,,,,,,,
1.449715256690979,30,40549,,,,,,,,,,,,
0.8587697744369507,30,40599,,,,,,,,,,,,
0.00041590334149077535,30,40649,,,,,,,,,,,,
0.00010661356645869091,30,40699,,,,,,,,,,,,
0.009586294181644917,30,40749,,,,,,,,,,,,
0.051151473075151443,30,40799,,,,,,,,,,,,
0.0062863873317837715,30,40849,,,,,,,,,,,,
0.05312913656234741,30,40899,,,,,,,,,,,,
0.005649527069181204,30,40949,,,,,,,,,,,,
0.5255086421966553,30,40999,,,,,,,,,,,,
0.0042128474451601505,30,41049,,,,,,,,,,,,
0.14244896173477173,30,41099,,,,,,,,,,,,
0.15957359969615936,30,41149,,,,,,,,,,,,
,30,41167,0.23367072641849518,0.951447069644928,0.5233644843101501,0.5355935096740723,,,,,,,,
,30,41167,,,,,0.2646147906780243,0.9691464304924011,0.5248278379440308,0.509300708770752,,,,
0.00015117689326871186,31,41199,,,,,,,,,,,,
0.5294705033302307,31,41249,,,,,,,,,,,,
0.020523184910416603,31,41299,,,,,,,,,,,,
0.0004524813557509333,31,41349,,,,,,,,,,,,
0.029961111024022102,31,41399,,,,,,,,,,,,
0.6862015724182129,31,41449,,,,,,,,,,,,
0.19615019857883453,31,41499,,,,,,,,,,,,
0.3244204819202423,31,41549,,,,,,,,,,,,
0.0019963751547038555,31,41599,,,,,,,,,,,,
0.3448261320590973,31,41649,,,,,,,,,,,,
0.058081962168216705,31,41699,,,,,,,,,,,,
0.07697844505310059,31,41749,,,,,,,,,,,,
0.0654640942811966,31,41799,,,,,,,,,,,,
0.24565337598323822,31,41849,,,,,,,,,,,,
0.27399641275405884,31,41899,,,,,,,,,,,,
0.11262695491313934,31,41949,,,,,,,,,,,,
0.12116067111492157,31,41999,,,,,,,,,,,,
1.241674780845642,31,42049,,,,,,,,,,,,
0.004041595384478569,31,42099,,,,,,,,,,,,
0.22284308075904846,31,42149,,,,,,,,,,,,
0.11300326883792877,31,42199,,,,,,,,,,,,
0.9772483706474304,31,42249,,,,,,,,,,,,
0.9578056335449219,31,42299,,,,,,,,,,,,
0.020108070224523544,31,42349,,,,,,,,,,,,
2.77736759185791,31,42399,,,,,,,,,,,,
0.33131736516952515,31,42449,,,,,,,,,,,,
,31,42495,0.9327104091644287,0.9670601487159729,0.07486630976200104,0.16126501560211182,,,,,,,,
,31,42495,,,,,0.3424239158630371,0.9678755402565002,0.508816123008728,0.4924738109111786,,,,
3.8641622066497803,32,42499,,,,,,,,,,,,
0.03224388137459755,32,42549,,,,,,,,,,,,
4.4598626118386164e-05,32,42599,,,,,,,,,,,,
0.373728483915329,32,42649,,,,,,,,,,,,
0.013824627734720707,32,42699,,,,,,,,,,,,
0.5299434661865234,32,42749,,,,,,,,,,,,
1.19429612159729,32,42799,,,,,,,,,,,,
0.05399325117468834,32,42849,,,,,,,,,,,,
0.6367039084434509,32,42899,,,,,,,,,,,,
0.6433494687080383,32,42949,,,,,,,,,,,,
0.07713042944669724,32,42999,,,,,,,,,,,,
0.007682325318455696,32,43049,,,,,,,,,,,,
0.0007267938344739377,32,43099,,,,,,,,,,,,
0.32387128472328186,32,43149,,,,,,,,,,,,
0.00017494797066319734,32,43199,,,,,,,,,,,,
0.05404769629240036,32,43249,,,,,,,,,,,,
0.5328007340431213,32,43299,,,,,,,,,,,,
0.32774099707603455,32,43349,,,,,,,,,,,,
0.8058021068572998,32,43399,,,,,,,,,,,,
0.017020516097545624,32,43449,,,,,,,,,,,,
0.012082379311323166,32,43499,,,,,,,,,,,,
0.12158855050802231,32,43549,,,,,,,,,,,,
0.01011586096137762,32,43599,,,,,,,,,,,,
0.004203168209642172,32,43649,,,,,,,,,,,,
0.16109104454517365,32,43699,,,,,,,,,,,,
0.00021612225100398064,32,43749,,,,,,,,,,,,
0.23466193675994873,32,43799,,,,,,,,,,,,
,32,43823,0.22945213317871094,0.9712490439414978,0.611825168132782,0.5996435284614563,,,,,,,,
,32,43823,,,,,0.2762756645679474,0.9683697819709778,0.5186246633529663,0.5024630427360535,,,,
0.0493910014629364,33,43849,,,,,,,,,,,,
0.9765181541442871,33,43899,,,,,,,,,,,,
0.00023504393175244331,33,43949,,,,,,,,,,,,
0.10066083818674088,33,43999,,,,,,,,,,,,
7.468938292731764e-06,33,44049,,,,,,,,,,,,
9.811749805521686e-06,33,44099,,,,,,,,,,,,
0.006746436934918165,33,44149,,,,,,,,,,,,
0.01998014561831951,33,44199,,,,,,,,,,,,
2.7806243896484375,33,44249,,,,,,,,,,,,
0.007524007000029087,33,44299,,,,,,,,,,,,
0.0793253630399704,33,44349,,,,,,,,,,,,
0.39855560660362244,33,44399,,,,,,,,,,,,
0.7912594079971313,33,44449,,,,,,,,,,,,
1.4110276699066162,33,44499,,,,,,,,,,,,
0.006707131862640381,33,44549,,,,,,,,,,,,
0.5724737644195557,33,44599,,,,,,,,,,,,
0.3054142892360687,33,44649,,,,,,,,,,,,
2.797075649141334e-05,33,44699,,,,,,,,,,,,
0.35750842094421387,33,44749,,,,,,,,,,,,
0.27833133935928345,33,44799,,,,,,,,,,,,
0.6460572481155396,33,44849,,,,,,,,,,,,
0.1274343878030777,33,44899,,,,,,,,,,,,
0.523505687713623,33,44949,,,,,,,,,,,,
0.6016530394554138,33,44999,,,,,,,,,,,,
0.08064309507608414,33,45049,,,,,,,,,,,,
0.004832973703742027,33,45099,,,,,,,,,,,,
0.09364655613899231,33,45149,,,,,,,,,,,,
,33,45151,0.163965106010437,0.9746763110160828,0.6716049313545227,0.6643678545951843,,,,,,,,
,33,45151,,,,,0.2588692605495453,0.9685109853744507,0.5193965435028076,0.5033544301986694,,,,
0.005100303795188665,34,45199,,,,,,,,,,,,
0.12412552535533905,34,45249,,,,,,,,,,,,
0.6731383800506592,34,45299,,,,,,,,,,,,
0.5439919233322144,34,45349,,,,,,,,,,,,
0.017451733350753784,34,45399,,,,,,,,,,,,
0.2651703655719757,34,45449,,,,,,,,,,,,
0.13333046436309814,34,45499,,,,,,,,,,,,
0.00117104547098279,34,45549,,,,,,,,,,,,
0.3886852264404297,34,45599,,,,,,,,,,,,
0.2272934764623642,34,45649,,,,,,,,,,,,
0.0010880116606131196,34,45699,,,,,,,,,,,,
2.605466365814209,34,45749,,,,,,,,,,,,
0.004298742860555649,34,45799,,,,,,,,,,,,
0.008488689549267292,34,45849,,,,,,,,,,,,
0.18934357166290283,34,45899,,,,,,,,,,,,
4.033583536511287e-05,34,45949,,,,,,,,,,,,
0.02486560307443142,34,45999,,,,,,,,,,,,
0.00021557520085480064,34,46049,,,,,,,,,,,,
0.0006866801995784044,34,46099,,,,,,,,,,,,
0.12733685970306396,34,46149,,,,,,,,,,,,
0.0050676497630774975,34,46199,,,,,,,,,,,,
0.00038353915442712605,34,46249,,,,,,,,,,,,
0.028337650001049042,34,46299,,,,,,,,,,,,
0.013430319726467133,34,46349,,,,,,,,,,,,
0.4418378472328186,34,46399,,,,,,,,,,,,
0.30409765243530273,34,46449,,,,,,,,,,,,
,34,46479,0.152509406208992,0.9769611358642578,0.6276922821998596,0.6185287833213806,,,,,,,,
,34,46479,,,,,0.2362196445465088,0.9706761240959167,0.5514758825302124,0.5366092920303345,,,,
0.025287248194217682,35,46499,,,,,,,,,,,,
0.0028246231377124786,35,46549,,,,,,,,,,,,
0.29914936423301697,35,46599,,,,,,,,,,,,
0.008510240353643894,35,46649,,,,,,,,,,,,
0.002013519639149308,35,46699,,,,,,,,,,,,
0.06174162030220032,35,46749,,,,,,,,,,,,
8.004372648429126e-05,35,46799,,,,,,,,,,,,
0.017674395814538002,35,46849,,,,,,,,,,,,
0.0007342139142565429,35,46899,,,,,,,,,,,,
0.0038359607569873333,35,46949,,,,,,,,,,,,
0.07127311080694199,35,46999,,,,,,,,,,,,
0.1234162300825119,35,47049,,,,,,,,,,,,
0.3085038363933563,35,47099,,,,,,,,,,,,
0.0012010601349174976,35,47149,,,,,,,,,,,,
0.002162347547709942,35,47199,,,,,,,,,,,,
0.11903201043605804,35,47249,,,,,,,,,,,,
1.1041545867919922,35,47299,,,,,,,,,,,,
0.01851470395922661,35,47349,,,,,,,,,,,,
8.517695096088573e-05,35,47399,,,,,,,,,,,,
0.005400846246629953,35,47449,,,,,,,,,,,,
0.0007367978687398136,35,47499,,,,,,,,,,,,
0.23980042338371277,35,47549,,,,,,,,,,,,
4.371875184006058e-05,35,47599,,,,,,,,,,,,
0.7929922342300415,35,47649,,,,,,,,,,,,
0.5764725208282471,35,47699,,,,,,,,,,,,
0.4139849543571472,35,47749,,,,,,,,,,,,
1.891817331314087,35,47799,,,,,,,,,,,,
,35,47807,0.16754105687141418,0.9733434915542603,0.6354166865348816,0.6237216591835022,,,,,,,,
,35,47807,,,,,0.20755396783351898,0.9712644815444946,0.5577689409255981,0.5433452129364014,,,,
0.04483607038855553,36,47849,,,,,,,,,,,,
0.06978078186511993,36,47899,,,,,,,,,,,,
0.22415994107723236,36,47949,,,,,,,,,,,,
0.00962790660560131,36,47999,,,,,,,,,,,,
0.00953762885183096,36,48049,,,,,,,,,,,,
0.1503034085035324,36,48099,,,,,,,,,,,,
0.1858733743429184,36,48149,,,,,,,,,,,,
0.00033789133885875344,36,48199,,,,,,,,,,,,
0.2983482778072357,36,48249,,,,,,,,,,,,
0.27922379970550537,36,48299,,,,,,,,,,,,
0.7986456155776978,36,48349,,,,,,,,,,,,
0.5324962139129639,36,48399,,,,,,,,,,,,
0.0001695348328212276,36,48449,,,,,,,,,,,,
0.30923134088516235,36,48499,,,,,,,,,,,,
0.09437146037817001,36,48549,,,,,,,,,,,,
7.550114241894335e-05,36,48599,,,,,,,,,,,,
0.06523922085762024,36,48649,,,,,,,,,,,,
0.9145907759666443,36,48699,,,,,,,,,,,,
0.14301522076129913,36,48749,,,,,,,,,,,,
0.005649267695844173,36,48799,,,,,,,,,,,,
0.0011372687295079231,36,48849,,,,,,,,,,,,
0.005757836624979973,36,48899,,,,,,,,,,,,
0.0024594482965767384,36,48949,,,,,,,,,,,,
0.00011646230996120721,36,48999,,,,,,,,,,,,
0.3954938054084778,36,49049,,,,,,,,,,,,
0.28237682580947876,36,49099,,,,,,,,,,,,
,36,49135,0.31985995173454285,0.9583016037940979,0.5557809472084045,0.5606155395507812,,,,,,,,
,36,49135,,,,,0.4275650978088379,0.9623920321464539,0.43009984493255615,0.4107651114463806,,,,
1.134919285774231,37,49149,,,,,,,,,,,,
3.0415920264204033e-05,37,49199,,,,,,,,,,,,
0.1065421849489212,37,49249,,,,,,,,,,,,
0.7551137208938599,37,49299,,,,,,,,,,,,
0.20578396320343018,37,49349,,,,,,,,,,,,
0.001361178350634873,37,49399,,,,,,,,,,,,
0.0007890753913670778,37,49449,,,,,,,,,,,,
0.04032718017697334,37,49499,,,,,,,,,,,,
0.1257554590702057,37,49549,,,,,,,,,,,,
0.031681835651397705,37,49599,,,,,,,,,,,,
1.3531466722488403,37,49649,,,,,,,,,,,,
0.35386261343955994,37,49699,,,,,,,,,,,,
0.45054003596305847,37,49749,,,,,,,,,,,,
0.0005808008136227727,37,49799,,,,,,,,,,,,
0.5722843408584595,37,49849,,,,,,,,,,,,
0.10811717808246613,37,49899,,,,,,,,,,,,
0.00018044229364022613,37,49949,,,,,,,,,,,,
1.7404203414916992,37,49999,,,,,,,,,,,,
10.504194259643555,37,50049,,,,,,,,,,,,
0.0016468835528939962,37,50099,,,,,,,,,,,,
1.9889628887176514,37,50149,,,,,,,,,,,,
4.339719453128055e-06,37,50199,,,,,,,,,,,,
1.0420135259628296,37,50249,,,,,,,,,,,,
3.1104612350463867,37,50299,,,,,,,,,,,,
1.2859549522399902,37,50349,,,,,,,,,,,,
0.06466236710548401,37,50399,,,,,,,,,,,,
0.255993127822876,37,50449,,,,,,,,,,,,
,37,50463,1.0145207643508911,0.9680122137069702,0.10638298094272614,0.22222761809825897,,,,,,,,
,37,50463,,,,,0.8689603209495544,0.959709107875824,0.3868194818496704,0.3661345839500427,,,,
0.5427899360656738,38,50499,,,,,,,,,,,,
8.091488416539505e-05,38,50549,,,,,,,,,,,,
0.6570843458175659,38,50599,,,,,,,,,,,,
0.0863206535577774,38,50649,,,,,,,,,,,,
0.16073516011238098,38,50699,,,,,,,,,,,,
0.07141121476888657,38,50749,,,,,,,,,,,,
0.259112149477005,38,50799,,,,,,,,,,,,
0.010360184125602245,38,50849,,,,,,,,,,,,
0.22985725104808807,38,50899,,,,,,,,,,,,
0.6267423629760742,38,50949,,,,,,,,,,,,
0.0005006380379199982,38,50999,,,,,,,,,,,,
0.006085618864744902,38,51049,,,,,,,,,,,,
0.5069478154182434,38,51099,,,,,,,,,,,,
0.13901056349277496,38,51149,,,,,,,,,,,,
0.155275359749794,38,51199,,,,,,,,,,,,
0.19243712723255157,38,51249,,,,,,,,,,,,
0.005725178401917219,38,51299,,,,,,,,,,,,
0.00014901887334417552,38,51349,,,,,,,,,,,,
0.18156249821186066,38,51399,,,,,,,,,,,,
0.5680801272392273,38,51449,,,,,,,,,,,,
0.3328169286251068,38,51499,,,,,,,,,,,,
0.00023939325183164328,38,51549,,,,,,,,,,,,
0.005606045480817556,38,51599,,,,,,,,,,,,
0.5134105086326599,38,51649,,,,,,,,,,,,
0.0026742969639599323,38,51699,,,,,,,,,,,,
0.6799619793891907,38,51749,,,,,,,,,,,,
,38,51791,0.17278684675693512,0.9748666882514954,0.5796178579330444,0.5718276500701904,,,,,,,,
,38,51791,,,,,0.2765873670578003,0.9687698483467102,0.5305978059768677,0.5144952535629272,,,,
0.18298587203025818,39,51799,,,,,,,,,,,,
0.07448717951774597,39,51849,,,,,,,,,,,,
0.0015024049207568169,39,51899,,,,,,,,,,,,
0.009964250028133392,39,51949,,,,,,,,,,,,
0.198429673910141,39,51999,,,,,,,,,,,,
0.09164345264434814,39,52049,,,,,,,,,,,,
1.7926945686340332,39,52099,,,,,,,,,,,,
0.47823116183280945,39,52149,,,,,,,,,,,,
0.24117806553840637,39,52199,,,,,,,,,,,,
0.000655447831377387,39,52249,,,,,,,,,,,,
1.7083313650800847e-05,39,52299,,,,,,,,,,,,
0.22106483578681946,39,52349,,,,,,,,,,,,
0.00042304088128730655,39,52399,,,,,,,,,,,,
0.0003301271062809974,39,52449,,,,,,,,,,,,
0.0008545936434529722,39,52499,,,,,,,,,,,,
0.028363369405269623,39,52549,,,,,,,,,,,,
0.028073303401470184,39,52599,,,,,,,,,,,,
0.11782431602478027,39,52649,,,,,,,,,,,,
0.3063187599182129,39,52699,,,,,,,,,,,,
0.16003553569316864,39,52749,,,,,,,,,,,,
2.1567020416259766,39,52799,,,,,,,,,,,,
0.6237875819206238,39,52849,,,,,,,,,,,,
0.054196082055568695,39,52899,,,,,,,,,,,,
1.3677257299423218,39,52949,,,,,,,,,,,,
0.15200015902519226,39,52999,,,,,,,,,,,,
0.4355745017528534,39,53049,,,,,,,,,,,,
8.804909157333896e-05,39,53099,,,,,,,,,,,,
,39,53119,0.20058125257492065,0.9748666882514954,0.6047903895378113,0.5929945111274719,,,,,,,,
,39,53119,,,,,0.23272690176963806,0.9689816832542419,0.5316275954246521,0.5156804919242859,,,,
,40,53120,,,,,,,,,0.1375952959060669,0.9775683283805847,0.3414856195449829,0.3431546092033386
